{
    "accuracy": 0.515,
    "precision": 0.44964026402640267,
    "recall": 0.515,
    "f1_score": 0.4565967885816235
}